transaction_id,listing_id,client_id,empl_id,transaction_amount,transaction_commission,transaction_date,transaction_type,client_role
1,124,158,46,1190995.43,35729.86,2024-04-19,sale,seller
2,87,147,10,2993.44,239.48,2024-04-19,rental,owner
3,54,36,47,4636.31,370.9,2024-04-22,rental,owner
4,148,191,42,2675414.94,80262.45,2024-04-23,sale,buyer
5,156,170,60,1298388.55,38951.66,2024-04-24,sale,buyer
6,143,21,53,5761.03,460.88,2024-04-24,rental,renter
7,90,78,54,1387116.58,41613.5,2024-04-25,sale,buyer
8,55,102,47,5775.6,462.05,2024-04-26,rental,owner
9,87,21,52,661593.03,19847.79,2024-04-27,sale,seller
10,49,176,33,7511.55,600.92,2024-04-28,rental,renter
11,70,41,59,5914.01,473.12,2024-04-29,rental,owner
12,42,167,58,970411.98,29112.36,2024-04-29,sale,buyer
13,27,152,1,4973.72,397.9,2024-04-30,rental,renter
14,51,171,28,1833274.18,54998.23,2024-04-30,sale,buyer
15,29,34,8,641983.37,19259.5,2024-05-01,sale,seller
16,168,59,36,4652.25,372.18,2024-05-01,rental,owner
17,61,179,34,1154124.68,34623.74,2024-05-01,sale,buyer
18,86,88,39,977890.72,29336.72,2024-05-02,sale,seller
19,123,39,50,1390448.84,41713.47,2024-05-02,sale,seller
20,130,112,55,1035607.02,31068.21,2024-05-03,sale,buyer
21,75,110,46,5108.07,408.65,2024-05-05,rental,renter
22,154,2,33,2130833.15,63924.99,2024-05-06,sale,seller
23,35,68,60,1188212.04,35646.36,2024-05-06,sale,seller
24,143,133,53,5177,414.16,2024-05-07,rental,owner
25,64,99,36,5293.9,423.51,2024-05-07,rental,owner
26,113,113,39,4463.13,357.05,2024-05-07,rental,renter
27,31,27,29,1777550.49,53326.51,2024-05-08,sale,buyer
28,51,101,9,1418578.06,42557.34,2024-05-08,sale,seller
29,80,111,43,2916.8,233.34,2024-05-11,rental,owner
30,51,170,13,681691.15,20450.73,2024-05-12,sale,buyer
31,5,177,9,2619834.31,78595.03,2024-05-12,sale,buyer
32,157,119,37,14668.16,1173.45,2024-05-14,rental,owner
33,44,187,1,1113515.33,33405.46,2024-05-14,sale,buyer
34,161,179,60,6720.94,537.68,2024-05-14,rental,owner
35,137,188,23,1453601.54,43608.05,2024-05-14,sale,buyer
36,101,162,20,4861.76,388.94,2024-05-16,rental,owner
37,122,54,39,5934.14,474.73,2024-05-18,rental,renter
38,116,39,11,5809.27,464.74,2024-05-18,rental,owner
39,141,99,46,1491390.11,44741.7,2024-05-19,sale,buyer
40,92,190,5,4252.01,340.16,2024-05-21,rental,owner
41,119,152,40,4961.55,396.92,2024-05-22,rental,owner
42,77,54,33,1189430.06,35682.9,2024-05-22,sale,buyer
43,178,39,16,2683.47,214.68,2024-05-24,rental,owner
44,100,183,20,5260.48,420.84,2024-05-25,rental,renter
45,162,170,20,2383571.95,71507.16,2024-05-27,sale,buyer
46,45,18,1,732738.91,21982.17,2024-05-28,sale,seller
47,43,154,14,1647713.13,49431.39,2024-05-29,sale,seller
48,177,5,30,3317.69,265.42,2024-05-31,rental,renter
49,123,98,18,1198910.33,35967.31,2024-06-02,sale,seller
50,135,76,39,6817.98,545.44,2024-06-02,rental,renter
51,10,29,38,10387.31,830.98,2024-06-03,rental,owner
52,154,70,13,8733.05,698.64,2024-06-04,rental,renter
53,178,37,19,4233.78,338.7,2024-06-05,rental,owner
54,27,181,34,1051861.58,31555.85,2024-06-06,sale,buyer
55,168,92,41,592499.13,17774.97,2024-06-06,sale,buyer
56,12,52,18,1972940.2,59188.21,2024-06-07,sale,buyer
57,135,144,24,5829.84,466.39,2024-06-07,rental,owner
58,81,173,7,2964.02,237.12,2024-06-08,rental,renter
59,137,183,43,946643.97,28399.32,2024-06-09,sale,buyer
60,30,124,12,6828.08,546.25,2024-06-09,rental,renter
61,149,161,54,13341.14,1067.29,2024-06-10,rental,renter
62,51,12,2,1260616.88,37818.51,2024-06-10,sale,seller
63,114,5,55,3896.96,311.76,2024-06-11,rental,owner
64,153,64,34,11982.55,958.6,2024-06-12,rental,renter
65,110,63,14,5379.76,430.38,2024-06-12,rental,renter
66,108,61,23,1495974.43,44879.23,2024-06-13,sale,buyer
67,140,11,15,926317.7,27789.53,2024-06-14,sale,seller
68,161,3,38,1130399,33911.97,2024-06-14,sale,buyer
69,161,65,18,3550717,106521.51,2024-06-14,sale,seller
70,4,60,49,6889.35,551.15,2024-06-17,rental,owner
71,143,189,45,3207.11,256.57,2024-06-18,rental,owner
72,161,22,54,1237114.89,37113.45,2024-06-19,sale,seller
73,55,146,37,3397.31,271.78,2024-06-19,rental,renter
74,128,101,44,3428.9,274.31,2024-06-20,rental,owner
75,41,122,24,555761.25,16672.84,2024-06-21,sale,buyer
76,46,69,24,1351492.38,40544.77,2024-06-23,sale,buyer
77,170,104,35,3686.24,294.9,2024-06-24,rental,owner
78,81,83,6,3021.23,241.7,2024-06-25,rental,renter
79,35,155,42,1768594.01,53057.82,2024-06-25,sale,seller
80,33,94,38,8239,659.12,2024-06-25,rental,renter
81,135,129,15,1158291.27,34748.74,2024-06-25,sale,seller
82,25,144,27,1305674.06,39170.22,2024-06-26,sale,seller
83,51,185,20,3561.45,284.92,2024-06-26,rental,owner
84,139,72,44,1643915.37,49317.46,2024-06-27,sale,seller
85,25,109,33,5527.24,442.18,2024-06-27,rental,owner
86,80,76,49,1034595.15,31037.85,2024-06-27,sale,seller
87,154,99,26,9644.79,771.58,2024-06-28,rental,renter
88,67,200,50,3227.9,258.23,2024-06-29,rental,renter
89,142,177,55,5368.06,429.44,2024-06-29,rental,renter
90,50,46,42,851137.01,25534.11,2024-06-29,sale,seller
91,33,37,54,1647418.8,49422.56,2024-06-29,sale,buyer
92,89,124,30,5774.33,461.95,2024-06-29,rental,renter
93,93,54,31,4418.89,353.51,2024-06-30,rental,renter
94,24,81,7,3976.24,318.1,2024-07-01,rental,renter
95,32,107,50,6919.79,553.58,2024-07-02,rental,renter
96,99,109,17,1011485.33,30344.56,2024-07-03,sale,buyer
97,69,123,38,1060682.22,31820.47,2024-07-05,sale,buyer
98,59,195,44,895697.65,26870.93,2024-07-06,sale,seller
99,130,18,14,3931.4,314.51,2024-07-06,rental,renter
100,13,111,14,1933296.85,57998.91,2024-07-07,sale,buyer
101,155,68,25,1200854.6,36025.64,2024-07-07,sale,seller
102,113,139,36,3573.63,285.89,2024-07-08,rental,renter
103,48,56,8,1236201.37,37086.04,2024-07-08,sale,seller
104,109,76,50,4777.27,382.18,2024-07-08,rental,renter
105,43,100,8,1681455.96,50443.68,2024-07-09,sale,seller
106,83,62,21,5169.3,413.54,2024-07-09,rental,renter
107,177,22,21,4607.94,368.64,2024-07-09,rental,renter
108,165,126,47,3891.61,311.33,2024-07-09,rental,owner
109,80,64,1,3877.13,310.17,2024-07-12,rental,renter
110,48,47,18,6285.44,502.84,2024-07-12,rental,owner
111,74,26,45,1469519.32,44085.58,2024-07-12,sale,buyer
112,167,165,49,4743.47,379.48,2024-07-13,rental,owner
113,140,29,34,3080.72,246.46,2024-07-16,rental,renter
114,75,137,54,966824.6,29004.74,2024-07-16,sale,seller
115,149,33,57,6289.29,503.14,2024-07-16,rental,renter
116,97,94,23,3140.67,251.25,2024-07-17,rental,renter
117,86,58,32,1460517.24,43815.52,2024-07-17,sale,buyer
118,35,6,43,1773686.66,53210.6,2024-07-17,sale,seller
119,170,101,1,1321236.57,39637.1,2024-07-17,sale,seller
120,2,175,22,1661076.61,49832.3,2024-07-18,sale,buyer
121,119,16,7,969114.21,29073.43,2024-07-18,sale,buyer
122,9,29,14,1900016.09,57000.48,2024-07-20,sale,seller
123,34,171,18,1858016.15,55740.48,2024-07-20,sale,seller
124,72,73,26,5590.1,447.21,2024-07-20,rental,renter
125,28,51,44,1974507.63,59235.23,2024-07-20,sale,seller
126,116,176,52,1404555.52,42136.67,2024-07-21,sale,buyer
127,14,72,33,4752.68,380.21,2024-07-22,rental,renter
128,32,162,31,4964.56,397.16,2024-07-23,rental,owner
129,131,30,58,4808.26,384.66,2024-07-23,rental,owner
130,123,21,46,1197031.17,35910.94,2024-07-24,sale,buyer
131,133,52,33,4414.89,353.19,2024-07-24,rental,owner
132,121,168,17,1176044.27,35281.33,2024-07-26,sale,seller
133,20,185,33,1799603.35,53988.1,2024-07-27,sale,buyer
134,58,53,33,1054686.77,31640.6,2024-07-27,sale,seller
135,132,15,26,5854.96,468.4,2024-07-28,rental,renter
136,72,157,14,5132.08,410.57,2024-07-28,rental,owner
137,175,118,35,1112307.43,33369.22,2024-07-30,sale,seller
138,20,88,39,8879.4,710.35,2024-07-31,rental,owner
139,116,20,42,1133694.17,34010.83,2024-07-31,sale,buyer
140,87,196,8,2942.34,235.39,2024-08-01,rental,owner
141,100,77,47,604666.55,18140,2024-08-02,sale,buyer
142,106,94,59,5188.37,415.07,2024-08-02,rental,renter
143,55,2,50,1373229.93,41196.9,2024-08-02,sale,seller
144,73,55,34,2800.67,224.05,2024-08-03,rental,renter
145,7,54,9,2060568.86,61817.07,2024-08-04,sale,seller
146,69,63,46,5912.52,473,2024-08-04,rental,renter
147,14,76,51,9240.85,739.27,2024-08-04,rental,renter
148,26,136,42,1107578.75,33227.36,2024-08-05,sale,buyer
149,96,40,19,800464.62,24013.94,2024-08-05,sale,seller
150,16,130,1,2460217.31,73806.52,2024-08-06,sale,seller
151,65,182,49,3374.5,269.96,2024-08-06,rental,owner
152,146,17,20,1088897.67,32666.93,2024-08-06,sale,buyer
153,25,143,21,935741.32,28072.24,2024-08-07,sale,buyer
154,30,38,38,5308.24,424.66,2024-08-07,rental,renter
155,83,87,39,4336.5,346.92,2024-08-07,rental,owner
156,152,67,36,1542654.61,46279.64,2024-08-07,sale,buyer
157,13,125,34,720652.79,21619.58,2024-08-08,sale,buyer
158,134,121,36,785324.44,23559.73,2024-08-08,sale,seller
159,119,183,23,4320.18,345.61,2024-08-09,rental,renter
160,92,153,41,3477.31,278.18,2024-08-09,rental,renter
161,164,77,27,649763.91,19492.92,2024-08-09,sale,seller
162,51,177,2,1749413.29,52482.4,2024-08-11,sale,buyer
163,42,137,20,1878261.92,56347.86,2024-08-12,sale,seller
164,146,185,51,2823166.66,84695,2024-08-13,sale,seller
165,168,117,8,4586.02,366.88,2024-08-13,rental,renter
166,45,128,42,6195,495.6,2024-08-14,rental,owner
167,177,104,58,2964.31,237.14,2024-08-15,rental,owner
168,122,189,14,4084.71,326.78,2024-08-15,rental,renter
169,93,122,6,951857.62,28555.73,2024-08-15,sale,seller
170,8,81,42,8172.38,653.79,2024-08-16,rental,renter
171,4,107,2,8114.53,649.16,2024-08-17,rental,owner
172,84,28,37,4017.18,321.37,2024-08-18,rental,owner
173,34,102,39,986248.18,29587.45,2024-08-18,sale,buyer
174,161,4,9,7624.64,609.97,2024-08-18,rental,renter
175,34,6,52,640408.81,19212.26,2024-08-19,sale,seller
176,123,156,5,4651.95,372.16,2024-08-20,rental,renter
177,21,172,26,6867.77,549.42,2024-08-20,rental,owner
178,37,46,38,5101.31,408.1,2024-08-22,rental,renter
179,180,162,26,5332.93,426.63,2024-08-22,rental,owner
180,26,16,5,8564.65,685.17,2024-08-22,rental,owner
181,119,177,19,1464909.5,43947.28,2024-08-23,sale,buyer
182,71,102,52,3851.23,308.1,2024-08-25,rental,renter
183,141,50,57,5278.82,422.31,2024-08-25,rental,renter
184,71,61,43,914732.77,27441.98,2024-08-25,sale,seller
185,95,119,6,600976.91,18029.31,2024-08-26,sale,buyer
186,153,166,18,3333596.23,100007.89,2024-08-26,sale,seller
187,19,52,30,843566.2,25306.99,2024-08-27,sale,buyer
188,74,130,58,3568.91,285.51,2024-08-27,rental,owner
189,29,143,16,8231.89,658.55,2024-08-27,rental,owner
190,117,96,46,1044246.09,31327.38,2024-08-28,sale,seller
191,6,94,6,967760.68,29032.82,2024-08-28,sale,buyer
192,155,159,40,1445897.28,43376.92,2024-08-29,sale,buyer
193,100,129,16,954185.66,28625.57,2024-08-30,sale,seller
194,28,23,47,6928.57,554.29,2024-08-31,rental,renter
195,14,191,27,10038.88,803.11,2024-08-31,rental,owner
196,74,102,29,1328270.99,39848.13,2024-09-02,sale,seller
197,152,57,3,1700395.02,51011.85,2024-09-02,sale,seller
198,64,98,2,4025.1,322.01,2024-09-03,rental,renter
199,36,2,38,6312.03,504.96,2024-09-03,rental,owner
200,180,8,26,3585.38,286.83,2024-09-04,rental,owner
201,58,55,18,679317.04,20379.51,2024-09-04,sale,buyer
202,94,129,34,1074457.66,32233.73,2024-09-05,sale,seller
203,24,173,43,4257.52,340.6,2024-09-07,rental,renter
204,14,154,6,9917.09,793.37,2024-09-08,rental,owner
205,165,120,22,5402.99,432.24,2024-09-09,rental,owner
206,125,192,2,571416.85,17142.51,2024-09-13,sale,buyer
207,107,8,37,2534.97,202.8,2024-09-13,rental,owner
208,132,103,28,1471747.97,44152.44,2024-09-16,sale,seller
209,143,122,6,1400844.61,42025.34,2024-09-18,sale,buyer
210,111,80,30,1311460.89,39343.83,2024-09-19,sale,seller
211,68,59,1,1325043.89,39751.32,2024-09-19,sale,seller
212,53,2,58,7798.35,623.87,2024-09-21,rental,renter
213,19,157,15,6036.22,482.9,2024-09-21,rental,owner
214,167,176,35,3242.16,259.37,2024-09-22,rental,renter
215,59,51,4,920366.31,27610.99,2024-09-23,sale,seller
216,107,185,51,4831.65,386.53,2024-09-24,rental,owner
217,175,38,18,1045078.03,31352.34,2024-09-26,sale,seller
218,12,170,7,6816.09,545.29,2024-09-27,rental,renter
219,14,187,11,6419.32,513.55,2024-09-27,rental,owner
220,143,193,45,1730443.13,51913.29,2024-09-27,sale,buyer
221,20,15,38,1837600.13,55128,2024-09-29,sale,buyer
222,89,56,8,5512.57,441.01,2024-10-02,rental,renter
223,132,94,53,6208.57,496.69,2024-10-02,rental,owner
224,25,156,49,5369.19,429.54,2024-10-03,rental,renter
225,112,172,37,1172741.94,35182.26,2024-10-03,sale,buyer
226,69,80,22,1403272.27,42098.17,2024-10-04,sale,buyer
227,134,94,19,6572.35,525.79,2024-10-05,rental,renter
228,66,23,8,4341.01,347.28,2024-10-05,rental,renter
229,136,130,33,1203544.09,36106.32,2024-10-05,sale,seller
230,105,7,57,1171050.63,35131.52,2024-10-06,sale,seller
231,4,194,34,1063788.76,31913.66,2024-10-06,sale,seller
232,109,99,12,924305.22,27729.16,2024-10-08,sale,buyer
233,113,62,34,4226.9,338.15,2024-10-08,rental,renter
234,75,2,55,551301.52,16539.05,2024-10-08,sale,buyer
235,164,89,32,1382279.24,41468.38,2024-10-10,sale,buyer
236,78,144,26,4786.8,382.94,2024-10-10,rental,renter
237,67,196,12,4067.25,325.38,2024-10-11,rental,owner
238,102,154,12,548685.13,16460.55,2024-10-11,sale,seller
239,89,40,46,1221198.29,36635.95,2024-10-12,sale,seller
240,128,85,56,6318.77,505.5,2024-10-12,rental,renter
241,132,85,41,4958.71,396.7,2024-10-12,rental,renter
242,30,68,56,2127890.18,63836.71,2024-10-14,sale,buyer
243,135,4,43,4491.87,359.35,2024-10-15,rental,owner
244,33,3,50,8708.02,696.64,2024-10-17,rental,renter
245,52,157,9,4138.35,331.07,2024-10-17,rental,renter
246,28,154,55,7367.26,589.38,2024-10-18,rental,renter
247,67,96,9,556054.82,16681.64,2024-10-18,sale,buyer
248,20,125,38,2090821.59,62724.65,2024-10-18,sale,seller
249,110,6,11,1170445.27,35113.36,2024-10-18,sale,buyer
250,57,45,15,757738.33,22732.15,2024-10-19,sale,buyer
251,72,175,24,1206466.56,36194,2024-10-20,sale,seller
252,43,148,21,6479.08,518.33,2024-10-21,rental,renter
253,69,53,26,983819.71,29514.59,2024-10-21,sale,buyer
254,100,193,10,663550.43,19906.51,2024-10-24,sale,buyer
255,157,143,18,8025.7,642.06,2024-10-24,rental,renter
256,147,50,16,9954.19,796.34,2024-10-25,rental,owner
257,165,158,59,846240.86,25387.23,2024-10-27,sale,seller
258,66,73,15,1449849.48,43495.48,2024-10-28,sale,buyer
259,173,45,56,4026.51,322.12,2024-10-30,rental,owner
260,55,107,3,426302.11,12789.06,2024-10-31,sale,buyer
261,161,85,47,1174645.78,35239.37,2024-11-02,sale,buyer
262,69,63,36,5026.47,402.12,2024-11-02,rental,owner
263,3,179,57,2057472.27,61724.17,2024-11-03,sale,seller
264,169,126,49,750602.5,22518.08,2024-11-04,sale,buyer
265,154,70,55,13572.95,1085.84,2024-11-04,rental,owner
266,109,99,33,3637.42,290.99,2024-11-05,rental,renter
267,14,157,24,1573880.18,47216.41,2024-11-06,sale,seller
268,87,32,22,1062938.66,31888.16,2024-11-07,sale,seller
269,155,69,7,3470763.91,104122.92,2024-11-07,sale,seller
270,43,193,8,4622.84,369.83,2024-11-08,rental,owner
271,32,137,47,7775.21,622.02,2024-11-08,rental,owner
272,136,124,45,6851.7,548.14,2024-11-09,rental,owner
273,16,184,46,1976238.51,59287.16,2024-11-09,sale,buyer
274,39,123,17,560565.96,16816.98,2024-11-10,sale,seller
275,147,19,2,6663.62,533.09,2024-11-10,rental,renter
276,26,139,11,4340.57,347.25,2024-11-10,rental,owner
277,99,94,55,525837.15,15775.11,2024-11-11,sale,seller
278,161,60,47,12533.07,1002.65,2024-11-12,rental,renter
279,22,61,20,6366.3,509.3,2024-11-12,rental,renter
280,139,155,50,5430.27,434.42,2024-11-14,rental,owner
281,173,109,24,2552.61,204.21,2024-11-14,rental,renter
282,178,47,45,1134839.15,34045.17,2024-11-14,sale,buyer
283,153,10,10,6656.42,532.51,2024-11-15,rental,renter
284,148,38,3,6895.45,551.64,2024-11-16,rental,renter
285,63,107,13,5507.47,440.6,2024-11-17,rental,owner
286,163,105,22,1060336.38,31810.09,2024-11-17,sale,seller
287,96,107,9,642307.53,19269.23,2024-11-18,sale,seller
288,41,49,27,1142290.36,34268.71,2024-11-18,sale,buyer
289,24,9,41,1566783.57,47003.51,2024-11-19,sale,buyer
290,88,182,8,1264734.44,37942.03,2024-11-19,sale,buyer
291,69,161,38,4574.56,365.96,2024-11-19,rental,renter
292,160,69,1,2874398.01,86231.94,2024-11-20,sale,seller
293,82,98,51,1091285.22,32738.56,2024-11-21,sale,seller
294,111,125,18,1026626.64,30798.8,2024-11-22,sale,buyer
295,78,77,36,1127515.93,33825.48,2024-11-23,sale,seller
296,113,166,52,5307.39,424.59,2024-11-25,rental,owner
297,171,146,59,475456.07,14263.68,2024-11-25,sale,buyer
298,26,106,60,2246182.54,67385.48,2024-11-25,sale,buyer
299,46,189,31,819130.96,24573.93,2024-11-26,sale,seller
300,145,107,41,1419082.74,42572.48,2024-11-28,sale,buyer
301,139,72,2,5539.41,443.15,2024-11-29,rental,owner
302,124,11,4,4876.8,390.14,2024-11-30,rental,owner
303,1,119,43,9039.56,723.16,2024-11-30,rental,renter
304,87,58,41,4032.44,322.6,2024-11-30,rental,owner
305,7,65,8,7110.99,568.88,2024-11-30,rental,renter
306,133,59,23,611017.62,18330.53,2024-12-05,sale,buyer
307,43,133,58,7290.18,583.21,2024-12-05,rental,renter
308,5,174,40,8057.8,644.62,2024-12-06,rental,owner
309,155,18,12,9093.9,727.51,2024-12-10,rental,renter
310,27,47,50,1328017.33,39840.52,2024-12-10,sale,buyer
311,93,22,59,4184.96,334.8,2024-12-11,rental,renter
312,3,195,24,1379368.58,41381.06,2024-12-13,sale,seller
313,86,196,32,4000.74,320.06,2024-12-15,rental,owner
314,3,72,13,769556.96,23086.71,2024-12-16,sale,buyer
315,13,134,31,4637.04,370.96,2024-12-19,rental,owner
316,78,37,11,876734.69,26302.04,2024-12-19,sale,seller
317,73,73,58,5095.15,407.61,2024-12-21,rental,renter
318,15,165,57,7029.64,562.37,2024-12-22,rental,renter
319,162,170,26,8285.75,662.86,2024-12-22,rental,owner
320,70,5,25,2924.15,233.93,2024-12-23,rental,owner
321,144,80,27,6255,500.4,2024-12-24,rental,owner
322,3,58,19,4835.57,386.85,2024-12-24,rental,owner
323,8,100,26,1316907.78,39507.23,2024-12-25,sale,buyer
324,111,159,40,2963.34,237.07,2024-12-25,rental,renter
325,25,139,44,1154465.7,34633.97,2024-12-27,sale,buyer
326,168,33,25,2715.72,217.26,2024-12-30,rental,renter
327,130,122,14,6465.79,517.26,2024-12-30,rental,renter
328,44,50,4,1047898.97,31436.97,2025-01-02,sale,seller
329,131,10,47,639772.02,19193.16,2025-01-05,sale,seller
330,152,120,3,8959.83,716.79,2025-01-07,rental,owner
331,130,120,45,5536.36,442.91,2025-01-09,rental,renter
332,136,40,40,1396473.39,41894.2,2025-01-17,sale,seller
333,22,46,18,4616.05,369.28,2025-01-17,rental,renter
334,129,177,60,1584040.45,47521.21,2025-01-17,sale,seller
335,167,23,58,989193.61,29675.81,2025-01-18,sale,seller
336,115,101,9,962911.71,28887.35,2025-01-20,sale,buyer
337,97,166,24,742403.32,22272.1,2025-01-21,sale,buyer
338,136,63,37,1358219.37,40746.58,2025-01-25,sale,seller
339,16,89,49,1697245.74,50917.37,2025-01-28,sale,seller
340,17,139,6,6636.75,530.94,2025-01-29,rental,owner
341,92,121,7,794550.79,23836.52,2025-01-30,sale,seller
342,151,188,42,12029.61,962.37,2025-02-04,rental,owner
343,95,117,49,820798.8,24623.96,2025-02-05,sale,buyer
344,165,137,32,3532.2,282.58,2025-02-07,rental,owner
345,60,197,41,4477.25,358.18,2025-02-08,rental,owner
346,64,97,21,4823.4,385.87,2025-02-09,rental,renter
347,88,28,58,5557.47,444.6,2025-02-11,rental,owner
348,46,148,41,4922.33,393.79,2025-02-12,rental,owner
349,179,9,8,1093303.02,32799.09,2025-02-15,sale,buyer
350,115,174,24,1429294.93,42878.85,2025-02-16,sale,seller
351,41,12,23,3510.55,280.84,2025-02-19,rental,owner
352,118,72,29,2589.58,207.17,2025-02-24,rental,renter
353,78,99,25,1038818.93,31164.57,2025-02-25,sale,seller
354,172,26,13,886849.95,26605.5,2025-02-25,sale,seller
355,72,198,53,764683.41,22940.5,2025-02-25,sale,buyer
356,76,171,29,5602.1,448.17,2025-03-01,rental,owner
357,124,90,35,512753.83,15382.61,2025-03-02,sale,seller
358,20,6,38,1201409.87,36042.3,2025-03-03,sale,buyer
359,109,120,50,949134.52,28474.04,2025-03-05,sale,seller
360,153,36,35,1613301.69,48399.05,2025-03-06,sale,buyer
361,32,125,53,1925029.71,57750.89,2025-03-06,sale,seller
362,78,86,51,5306.4,424.51,2025-03-07,rental,owner
363,18,167,38,2317789.3,69533.68,2025-03-07,sale,seller
364,13,148,5,8104.08,648.33,2025-03-07,rental,owner
365,148,102,9,1798041.4,53941.24,2025-03-10,sale,buyer
366,51,53,34,566725.18,17001.76,2025-03-10,sale,seller
367,14,160,35,1701824.66,51054.74,2025-03-12,sale,buyer
368,136,141,56,3949.24,315.94,2025-03-12,rental,owner
369,29,63,41,1221977.93,36659.34,2025-03-12,sale,seller
370,160,190,34,3368518.88,101055.57,2025-03-14,sale,buyer
371,149,60,38,12639.71,1011.18,2025-03-14,rental,owner
372,138,128,3,3944.31,315.54,2025-03-15,rental,renter
373,141,79,18,761816.51,22854.5,2025-03-18,sale,buyer
374,149,140,12,14892.82,1191.43,2025-03-20,rental,renter
375,143,117,50,594778.51,17843.36,2025-03-20,sale,buyer
376,161,106,31,3748675.91,112460.28,2025-03-20,sale,seller
377,116,165,11,488496.64,14654.9,2025-03-22,sale,buyer
378,116,164,53,557631.88,16728.96,2025-03-24,sale,seller
379,61,5,2,4541.21,363.3,2025-03-24,rental,owner
380,102,10,56,5959.45,476.76,2025-03-25,rental,renter
381,9,42,51,5745.91,459.67,2025-03-26,rental,renter
382,26,36,38,5694,455.52,2025-03-26,rental,renter
383,45,56,42,848497.97,25454.94,2025-03-26,sale,buyer
384,141,39,40,934990.93,28049.73,2025-03-30,sale,buyer
385,5,200,59,7528.55,602.28,2025-03-31,rental,owner
386,57,17,26,1461419.34,43842.58,2025-04-01,sale,seller
387,142,138,16,828822.59,24864.68,2025-04-02,sale,buyer
388,124,103,19,1165381.08,34961.43,2025-04-02,sale,buyer
389,83,63,47,790376.71,23711.3,2025-04-03,sale,seller
390,109,144,29,727350.65,21820.52,2025-04-04,sale,seller
391,81,122,2,499225.58,14976.77,2025-04-07,sale,seller
392,151,186,13,1990097.95,59702.94,2025-04-07,sale,buyer
393,61,159,28,554519.44,16635.58,2025-04-09,sale,seller
394,132,173,32,4302.07,344.17,2025-04-09,rental,owner
395,177,2,57,5119.67,409.57,2025-04-14,rental,owner
396,140,158,3,1459879.42,43796.38,2025-04-14,sale,seller
397,112,101,8,3893.51,311.48,2025-04-15,rental,owner
398,34,46,42,7399.7,591.98,2025-04-17,rental,owner
399,117,59,30,2754.81,220.38,2025-04-17,rental,renter
400,96,187,1,500725.45,15021.76,2025-04-18,sale,seller
401,66,62,35,3950.93,316.07,2025-04-19,rental,owner
402,109,61,20,5525.76,442.06,2025-04-19,rental,owner
403,155,88,21,7621.6,609.73,2025-04-20,rental,renter
404,81,184,34,4235.74,338.86,2025-04-22,rental,renter
405,82,154,24,1408754.78,42262.64,2025-04-22,sale,buyer
406,153,63,29,2845039.45,85351.18,2025-04-23,sale,buyer
407,155,164,58,2721430.44,81642.91,2025-04-23,sale,buyer
408,180,104,3,1052327.29,31569.82,2025-04-24,sale,buyer
409,122,144,49,550427.87,16512.84,2025-04-25,sale,seller
410,39,78,38,4486.66,358.93,2025-04-26,rental,renter
411,121,1,13,648652.24,19459.57,2025-04-26,sale,seller
412,125,103,57,1157920.82,34737.62,2025-04-27,sale,seller
413,102,181,56,3630.6,290.45,2025-04-29,rental,owner
414,21,42,59,1644443.47,49333.3,2025-04-29,sale,seller
415,38,151,60,5649.82,451.99,2025-04-30,rental,renter
416,1,67,39,1599625.34,47988.76,2025-04-30,sale,seller
417,171,189,10,667442.89,20023.29,2025-05-01,sale,seller
418,122,59,54,2619.32,209.55,2025-05-01,rental,owner
419,2,85,13,1747111.44,52413.34,2025-05-01,sale,seller
420,115,114,9,1015209.75,30456.29,2025-05-02,sale,buyer
421,171,101,50,749445,22483.35,2025-05-03,sale,buyer
422,21,107,59,4280.25,342.42,2025-05-03,rental,renter
423,173,57,43,1253708.48,37611.25,2025-05-05,sale,seller
424,61,73,12,3302.56,264.2,2025-05-06,rental,renter
425,135,106,7,1023645.19,30709.36,2025-05-08,sale,buyer
426,142,169,59,4889.3,391.14,2025-05-08,rental,renter
427,86,145,2,546671.93,16400.16,2025-05-12,sale,seller
428,154,146,27,2218102.06,66543.06,2025-05-12,sale,buyer
429,5,136,27,2558056.71,76741.7,2025-05-13,sale,buyer
430,163,24,51,1031332.6,30939.98,2025-05-13,sale,buyer
431,45,13,38,637953.84,19138.62,2025-05-13,sale,seller
432,75,107,27,504726.8,15141.8,2025-05-14,sale,buyer
433,61,77,30,1267434.37,38023.03,2025-05-15,sale,buyer
434,3,133,28,848991.74,25469.75,2025-05-15,sale,buyer
435,97,99,23,3148.93,251.91,2025-05-15,rental,renter
436,137,15,37,1280596.63,38417.9,2025-05-15,sale,seller
437,67,85,16,1026574.48,30797.23,2025-05-17,sale,seller
438,121,10,2,1090280.21,32708.41,2025-05-19,sale,seller
439,119,92,56,5784.42,462.75,2025-05-20,rental,owner
440,140,45,42,867273.29,26018.2,2025-05-20,sale,seller
441,106,6,25,1074696.03,32240.88,2025-05-20,sale,buyer
442,59,141,60,3518.29,281.46,2025-05-21,rental,owner
443,177,128,27,1397796.35,41933.89,2025-05-21,sale,buyer
444,73,186,12,2732.23,218.58,2025-05-23,rental,owner
445,4,34,5,8251.43,660.11,2025-05-24,rental,owner
446,105,46,1,4592.14,367.37,2025-05-27,rental,owner
447,55,87,15,1234186.59,37025.6,2025-05-27,sale,buyer
448,30,137,42,8534.89,682.79,2025-05-28,rental,owner
449,43,38,21,3672.57,293.81,2025-05-28,rental,renter
450,127,63,60,3287.09,262.97,2025-05-28,rental,renter
451,12,37,41,1391274.1,41738.22,2025-05-29,sale,buyer
452,92,87,25,668218.92,20046.57,2025-05-30,sale,buyer
453,144,4,12,980330.94,29409.93,2025-06-01,sale,buyer
454,29,137,56,5422.44,433.8,2025-06-01,rental,renter
455,109,134,22,4607.82,368.63,2025-06-02,rental,renter
456,95,167,28,821614.72,24648.44,2025-06-02,sale,buyer
457,38,177,33,5138.99,411.12,2025-06-03,rental,owner
458,78,8,11,4111.38,328.91,2025-06-04,rental,renter
459,24,162,51,1584274.42,47528.23,2025-06-05,sale,seller
460,97,146,18,497039.47,14911.18,2025-06-05,sale,seller
461,175,175,23,3128.86,250.31,2025-06-06,rental,owner
462,14,55,35,909166.55,27275,2025-06-06,sale,seller
463,88,111,46,4842.41,387.39,2025-06-06,rental,renter
464,125,123,30,4689.42,375.15,2025-06-07,rental,owner
465,112,187,8,5371.78,429.74,2025-06-07,rental,owner
466,145,9,27,9121.86,729.75,2025-06-07,rental,owner
467,26,187,42,1788190.17,53645.71,2025-06-07,sale,buyer
468,26,78,13,1139427.19,34182.82,2025-06-08,sale,buyer
469,30,14,33,4596.29,367.7,2025-06-08,rental,owner
470,111,4,19,2601.43,208.11,2025-06-09,rental,owner
471,129,70,35,5556.69,444.54,2025-06-09,rental,owner
472,133,165,14,1733266.61,51998,2025-06-09,sale,buyer
473,124,171,57,3820.4,305.63,2025-06-09,rental,renter
474,128,118,51,5776.21,462.1,2025-06-09,rental,owner
475,50,56,31,550192.88,16505.79,2025-06-09,sale,buyer
476,165,190,56,728642.92,21859.29,2025-06-09,sale,seller
477,97,69,52,3780.15,302.41,2025-06-09,rental,owner
478,31,172,43,7378.71,590.3,2025-06-09,rental,renter
479,92,28,23,911790.92,27353.73,2025-06-10,sale,seller
480,42,135,37,6638.57,531.09,2025-06-10,rental,owner
481,161,155,8,3266285.6,97988.57,2025-06-11,sale,seller
482,17,62,27,9290.57,743.25,2025-06-11,rental,renter
483,146,125,47,14133.78,1130.7,2025-06-12,rental,renter
484,180,63,42,3171.87,253.75,2025-06-13,rental,renter
485,69,23,34,2540.74,203.26,2025-06-13,rental,renter
486,54,158,32,861998.22,25859.95,2025-06-13,sale,buyer
487,84,116,34,1108064.03,33241.92,2025-06-13,sale,seller
488,56,160,19,2779.61,222.37,2025-06-14,rental,renter
489,50,34,1,4633.91,370.71,2025-06-14,rental,renter
490,141,200,9,916114.03,27483.42,2025-06-15,sale,seller
491,92,169,51,3637.45,291,2025-06-15,rental,renter
492,112,181,26,1208757.65,36262.73,2025-06-15,sale,buyer
493,118,195,12,401437.91,12043.14,2025-06-15,sale,seller
494,13,38,17,1876053,56281.59,2025-06-16,sale,buyer
495,25,17,15,6579.96,526.4,2025-06-16,rental,owner
496,115,147,19,2805.76,224.46,2025-06-18,rental,owner
497,27,137,19,1500353.18,45010.6,2025-06-18,sale,buyer
498,175,121,32,5901.21,472.1,2025-06-18,rental,owner
499,48,124,23,1848774.26,55463.23,2025-06-18,sale,buyer
500,155,1,36,10025.14,802.01,2025-06-19,rental,owner
501,155,190,40,10808.4,864.67,2025-06-19,rental,owner
502,7,71,23,8047.48,643.8,2025-06-19,rental,renter
503,64,12,15,1224549.62,36736.49,2025-06-20,sale,seller
504,80,80,46,5198.24,415.86,2025-06-21,rental,owner
505,19,131,29,1351001.17,40530.04,2025-06-22,sale,buyer
506,91,151,39,726515.33,21795.46,2025-06-22,sale,buyer
507,128,186,41,1326654.39,39799.63,2025-06-22,sale,seller
508,77,69,9,4926.99,394.16,2025-06-23,rental,renter
509,100,62,29,5301.61,424.13,2025-06-23,rental,owner
510,10,76,51,6659.26,532.74,2025-06-23,rental,owner
511,137,126,1,1373938.29,41218.15,2025-06-23,sale,seller
512,16,191,10,7891.97,631.36,2025-06-23,rental,owner
513,163,65,53,661632.74,19848.98,2025-06-23,sale,seller
514,73,109,51,989481.31,29684.44,2025-06-24,sale,buyer
515,68,126,55,743096.87,22292.91,2025-06-24,sale,buyer
516,152,153,34,2592335.73,77770.07,2025-06-25,sale,seller
517,92,114,49,620611.35,18618.34,2025-06-25,sale,seller
518,123,14,34,812641.37,24379.24,2025-06-25,sale,buyer
519,75,100,40,2888.91,231.11,2025-06-26,rental,renter
520,37,80,59,5068.47,405.48,2025-06-27,rental,renter
521,173,85,13,433958.65,13018.76,2025-06-27,sale,buyer
522,145,33,5,1733177.66,51995.33,2025-06-27,sale,buyer
523,99,99,46,1432207.42,42966.22,2025-06-28,sale,buyer
524,50,49,10,1162681.05,34880.43,2025-06-29,sale,seller
525,3,72,13,4949.65,395.97,2025-06-30,rental,renter
526,116,191,36,5968.53,477.48,2025-06-30,rental,owner
527,122,42,11,1156846.51,34705.4,2025-07-01,sale,seller
528,69,196,32,3894.21,311.54,2025-07-01,rental,renter
529,95,10,31,2893.22,231.46,2025-07-01,rental,owner
530,132,55,31,4410.61,352.85,2025-07-02,rental,renter
531,167,188,14,2502.31,200.18,2025-07-02,rental,owner
532,17,52,29,1772262.85,53167.89,2025-07-03,sale,seller
533,80,155,6,1260255.47,37807.66,2025-07-03,sale,buyer
534,166,185,2,573641.12,17209.23,2025-07-03,sale,buyer
535,108,7,1,3475.95,278.08,2025-07-04,rental,renter
536,24,162,26,6795.99,543.68,2025-07-05,rental,owner
537,146,2,31,1715305.28,51459.16,2025-07-05,sale,seller
538,162,99,44,12587.07,1006.97,2025-07-07,rental,owner
539,1,16,46,1783098.34,53492.95,2025-07-10,sale,seller
540,1,93,39,6193.7,495.5,2025-07-10,rental,renter
541,178,96,1,2760.29,220.82,2025-07-11,rental,owner
542,59,118,28,1015176.22,30455.29,2025-07-12,sale,buyer
543,103,155,2,2889.12,231.13,2025-07-13,rental,owner
544,19,100,31,1394990.22,41849.71,2025-07-13,sale,buyer
545,160,192,7,1758690.81,52760.72,2025-07-13,sale,seller
546,34,77,29,4758.73,380.7,2025-07-14,rental,owner
547,13,138,55,770430.35,23112.91,2025-07-14,sale,seller
548,116,166,26,4893.89,391.51,2025-07-15,rental,owner
549,160,155,42,7551.68,604.13,2025-07-16,rental,renter
550,11,80,52,2316259.28,69487.78,2025-07-17,sale,buyer
551,139,168,36,6024.48,481.96,2025-07-17,rental,owner
552,57,5,52,1178279.27,35348.38,2025-07-17,sale,seller
553,162,88,49,8318.56,665.48,2025-07-17,rental,renter
554,118,103,30,1248182.78,37445.48,2025-07-19,sale,seller
555,138,36,45,623569.23,18707.08,2025-07-19,sale,seller
556,152,195,31,1389444.67,41683.34,2025-07-20,sale,seller
557,122,15,46,4155.81,332.46,2025-07-20,rental,renter
558,130,44,51,5384.1,430.73,2025-07-20,rental,renter
559,39,191,56,3263.84,261.11,2025-07-21,rental,renter
560,149,121,21,3708221.58,111246.65,2025-07-21,sale,seller
561,130,10,35,5286.67,422.93,2025-07-21,rental,renter
562,46,49,54,5486.32,438.91,2025-07-21,rental,owner
563,85,125,59,5446.88,435.75,2025-07-21,rental,renter
564,147,175,18,9892.36,791.39,2025-07-21,rental,owner
565,65,141,19,1379427.9,41382.84,2025-07-21,sale,buyer
566,147,71,6,7541.81,603.34,2025-07-21,rental,renter
567,40,68,31,3922.15,313.77,2025-07-22,rental,renter
568,56,36,16,930352.29,27910.57,2025-07-22,sale,buyer
569,81,57,8,701157.67,21034.73,2025-07-22,sale,buyer
570,9,100,36,1541781.32,46253.44,2025-07-22,sale,buyer
571,3,121,10,5315.94,425.28,2025-07-23,rental,owner
572,79,164,43,1476033.65,44281.01,2025-07-23,sale,buyer
573,60,79,12,2901.12,232.09,2025-07-24,rental,renter
574,131,185,29,1442779.15,43283.37,2025-07-24,sale,seller
575,65,195,12,1181425.28,35442.76,2025-07-24,sale,buyer
576,36,200,4,2203054.87,66091.65,2025-07-25,sale,seller
577,166,87,36,3745.76,299.66,2025-07-26,rental,owner
578,99,149,25,3801.16,304.09,2025-07-26,rental,renter
579,28,15,42,1351309.57,40539.29,2025-07-27,sale,seller
580,8,111,52,968134.02,29044.02,2025-07-27,sale,seller
581,73,14,44,1391166.3,41734.99,2025-07-27,sale,buyer
582,77,194,40,886802.13,26604.06,2025-07-28,sale,seller
583,55,198,53,4181.9,334.55,2025-07-28,rental,renter
584,69,46,17,1107368.31,33221.05,2025-07-28,sale,buyer
585,66,103,1,5219.64,417.57,2025-07-28,rental,owner
586,123,94,56,3878.73,310.3,2025-07-29,rental,owner
587,36,20,34,7939.11,635.13,2025-07-29,rental,renter
588,78,47,30,764636.52,22939.1,2025-07-29,sale,buyer
589,153,28,16,7393.91,591.51,2025-07-29,rental,owner
590,47,23,28,1062156.8,31864.7,2025-07-30,sale,seller
591,28,8,23,1170661.62,35119.85,2025-07-30,sale,seller
592,113,187,32,4389.08,351.13,2025-07-31,rental,owner
593,1,116,52,4502.3,360.18,2025-08-01,rental,renter
594,37,71,30,4009.69,320.78,2025-08-01,rental,renter
595,37,181,60,4610.71,368.86,2025-08-01,rental,owner
596,42,13,10,3633.53,290.68,2025-08-02,rental,owner
597,151,69,10,12891.81,1031.34,2025-08-04,rental,owner
598,15,79,6,1035313.71,31059.41,2025-08-04,sale,buyer
599,85,169,1,2654.96,212.4,2025-08-05,rental,renter
600,87,58,59,5929.83,474.39,2025-08-07,rental,owner
601,15,197,21,2569392.5,77081.77,2025-08-07,sale,buyer
602,28,119,13,893101.13,26793.03,2025-08-08,sale,buyer
603,15,57,7,1279939.8,38398.19,2025-08-08,sale,seller
604,7,106,60,6986,558.88,2025-08-09,rental,renter
605,94,45,45,1161708.97,34851.27,2025-08-10,sale,buyer
606,76,76,2,618277.74,18548.33,2025-08-10,sale,buyer
607,164,96,23,740399.01,22211.97,2025-08-10,sale,buyer
608,2,40,43,6844.77,547.58,2025-08-11,rental,renter
609,167,8,2,5082.41,406.59,2025-08-11,rental,renter
610,123,194,36,899639.01,26989.17,2025-08-11,sale,buyer
611,157,170,58,9980.81,798.46,2025-08-12,rental,owner
612,139,69,23,956002.92,28680.09,2025-08-12,sale,seller
613,5,154,2,5584.27,446.74,2025-08-12,rental,owner
614,82,124,59,1407854.06,42235.62,2025-08-13,sale,buyer
615,73,137,1,4615.12,369.21,2025-08-13,rental,owner
616,149,177,40,9674.89,773.99,2025-08-13,rental,renter
617,57,3,36,407173.4,12215.2,2025-08-13,sale,buyer
618,102,56,18,4039.39,323.15,2025-08-13,rental,renter
619,74,63,16,3412.39,272.99,2025-08-13,rental,owner
620,32,191,11,6655.07,532.41,2025-08-13,rental,owner
621,6,32,11,2353309.68,70599.29,2025-08-14,sale,seller
622,28,173,42,4029.41,322.35,2025-08-14,rental,owner
623,32,175,40,895759.95,26872.8,2025-08-14,sale,seller
624,112,54,41,4773.29,381.86,2025-08-15,rental,renter
625,129,200,54,3934.71,314.78,2025-08-16,rental,owner
626,9,68,59,775970.08,23279.1,2025-08-17,sale,seller
627,58,36,6,1034791.73,31043.75,2025-08-17,sale,buyer
628,16,36,23,1309383.53,39281.51,2025-08-17,sale,seller
629,55,194,14,4881.84,390.55,2025-08-18,rental,owner
630,144,130,7,1780983.85,53429.52,2025-08-18,sale,seller
631,145,177,16,2131916.81,63957.5,2025-08-19,sale,buyer
632,102,5,37,5404.71,432.38,2025-08-19,rental,renter
633,72,70,6,3628.81,290.3,2025-08-20,rental,owner
634,138,24,15,1123845.12,33715.35,2025-08-21,sale,seller
635,75,157,42,5348.68,427.89,2025-08-21,rental,renter
636,39,14,4,4411.67,352.93,2025-08-21,rental,renter
637,43,53,30,7695.39,615.63,2025-08-22,rental,owner
638,123,32,49,5256.3,420.5,2025-08-22,rental,renter
639,171,116,55,456429.85,13692.9,2025-08-23,sale,seller
640,147,140,59,13923.5,1113.88,2025-08-23,rental,renter
641,114,109,22,1196945.46,35908.36,2025-08-24,sale,seller
642,55,29,49,873097.51,26192.93,2025-08-24,sale,seller
643,64,36,13,3339.96,267.2,2025-08-24,rental,owner
644,12,198,51,2419341,72580.23,2025-08-24,sale,buyer
645,90,157,29,433510.53,13005.32,2025-08-25,sale,seller
646,48,111,16,3444.62,275.57,2025-08-25,rental,renter
647,143,73,52,727881.76,21836.45,2025-08-25,sale,seller
648,160,89,42,14910.87,1192.87,2025-08-26,rental,owner
649,144,51,56,6077.61,486.21,2025-08-26,rental,renter
650,175,175,34,1265366.72,37961,2025-08-27,sale,seller
651,132,113,8,6277.19,502.18,2025-08-28,rental,renter
652,45,47,2,1514183.24,45425.5,2025-08-28,sale,buyer
653,163,172,11,1477543.54,44326.31,2025-08-30,sale,buyer
654,80,47,10,550738.86,16522.17,2025-08-30,sale,seller
655,40,171,31,4491.34,359.31,2025-08-31,rental,owner
656,6,179,31,7234.17,578.73,2025-08-31,rental,renter
657,94,32,19,3899.02,311.92,2025-09-01,rental,renter
658,131,181,59,5336.8,426.94,2025-09-01,rental,renter
659,147,191,32,2215667.38,66470.02,2025-09-02,sale,buyer
660,80,126,54,3866.08,309.29,2025-09-04,rental,renter
661,167,134,12,1447622.02,43428.66,2025-09-05,sale,seller
662,139,169,38,4784.16,382.73,2025-09-05,rental,owner
663,177,53,58,1101998.59,33059.96,2025-09-07,sale,buyer
664,8,32,16,7521.74,601.74,2025-09-08,rental,renter
665,165,113,4,792560.92,23776.83,2025-09-08,sale,buyer
666,70,118,55,1425569.17,42767.08,2025-09-08,sale,seller
667,48,95,17,7734.14,618.73,2025-09-09,rental,owner
668,26,158,25,1470153.51,44104.61,2025-09-10,sale,buyer
669,141,96,15,1120641.25,33619.24,2025-09-10,sale,buyer
670,169,143,43,5610.99,448.88,2025-09-11,rental,renter
671,10,9,36,2311223.49,69336.7,2025-09-11,sale,seller
672,38,53,2,996906.14,29907.18,2025-09-12,sale,buyer
673,161,101,46,3308813.68,99264.41,2025-09-14,sale,seller
674,131,14,49,1029519.52,30885.59,2025-09-15,sale,seller
675,102,91,43,4671.06,373.68,2025-09-15,rental,owner
676,58,107,51,5276.58,422.13,2025-09-15,rental,owner
677,26,101,19,2080926.31,62427.79,2025-09-16,sale,buyer
678,1,131,27,4934.07,394.73,2025-09-16,rental,owner
679,54,54,9,666659.79,19999.79,2025-09-17,sale,seller
680,108,16,44,413955.53,12418.67,2025-09-17,sale,buyer
681,86,39,10,5150.49,412.04,2025-09-18,rental,renter
682,69,136,34,662467.64,19874.03,2025-09-18,sale,buyer
683,138,46,60,5751.26,460.1,2025-09-18,rental,renter
684,145,64,5,3380857.78,101425.73,2025-09-18,sale,buyer
685,121,126,40,4958.54,396.68,2025-09-19,rental,renter
686,4,109,16,1130339.09,33910.17,2025-09-20,sale,buyer
687,145,33,8,2865577.17,85967.32,2025-09-21,sale,seller
688,70,186,35,1378276.11,41348.28,2025-09-21,sale,seller
689,73,10,10,468515,14055.45,2025-09-21,sale,buyer
690,52,78,23,973591.23,29207.74,2025-09-21,sale,seller
691,115,98,12,4402.34,352.19,2025-09-22,rental,renter
692,38,178,38,999544.68,29986.34,2025-09-22,sale,buyer
693,168,160,33,3185.97,254.88,2025-09-23,rental,owner
694,55,121,5,3946.15,315.69,2025-09-24,rental,renter
695,127,61,19,5422.87,433.83,2025-09-26,rental,renter
696,22,104,22,2057344.54,61720.34,2025-09-27,sale,buyer
697,35,90,37,6335.1,506.81,2025-09-28,rental,owner
698,38,40,4,4863.93,389.11,2025-09-30,rental,owner
699,149,154,25,1155876.47,34676.29,2025-09-30,sale,seller
700,132,133,27,3084.11,246.73,2025-10-01,rental,owner
701,154,179,46,9830.54,786.44,2025-10-01,rental,owner
702,77,157,10,4824.82,385.99,2025-10-01,rental,renter
703,57,29,60,1113675.4,33410.26,2025-10-03,sale,seller
704,108,78,29,4396.94,351.76,2025-10-03,rental,owner
705,68,72,42,846762.57,25402.88,2025-10-04,sale,seller
706,163,135,52,888164.38,26644.93,2025-10-06,sale,buyer
707,156,39,45,3094822.1,92844.66,2025-10-06,sale,seller
708,106,174,55,1005599.49,30167.98,2025-10-06,sale,buyer
709,111,19,29,1387830.94,41634.93,2025-10-07,sale,buyer
710,87,196,10,3518.33,281.47,2025-10-08,rental,renter
711,82,52,46,1177731.46,35331.94,2025-10-08,sale,buyer
712,82,108,22,2821.07,225.69,2025-10-09,rental,owner
713,27,111,19,761301.17,22839.04,2025-10-10,sale,buyer
714,78,15,39,589885.22,17696.56,2025-10-10,sale,buyer
715,141,195,45,5111.81,408.94,2025-10-11,rental,owner
716,47,161,4,6687.19,534.98,2025-10-11,rental,owner
717,79,139,6,1376100.56,41283.02,2025-10-11,sale,seller
718,57,4,7,792420.4,23772.61,2025-10-12,sale,seller
719,110,38,31,4319.44,345.56,2025-10-12,rental,owner
720,55,99,10,801201.96,24036.06,2025-10-13,sale,buyer
721,114,193,36,4991.91,399.35,2025-10-14,rental,renter
722,108,101,39,956955.31,28708.66,2025-10-16,sale,seller
723,36,147,52,1865045.95,55951.38,2025-10-16,sale,seller
724,98,101,60,710106.09,21303.18,2025-10-16,sale,seller
725,71,64,11,809027.35,24270.82,2025-10-16,sale,buyer
726,47,107,13,5842.9,467.43,2025-10-16,rental,renter
727,77,160,33,683589.69,20507.69,2025-10-17,sale,seller
728,27,157,9,7173.09,573.85,2025-10-17,rental,owner
729,142,131,11,3893.81,311.5,2025-10-17,rental,renter
730,92,81,59,838053.95,25141.62,2025-10-18,sale,seller
731,140,154,47,632770.29,18983.11,2025-10-19,sale,buyer
732,129,149,50,1027074.46,30812.23,2025-10-19,sale,buyer
733,21,59,11,863470.82,25904.12,2025-10-22,sale,seller
734,90,153,36,2870.67,229.65,2025-10-24,rental,owner
735,106,79,56,3980.66,318.45,2025-10-25,rental,renter
736,8,6,28,7535.53,602.84,2025-10-25,rental,renter
737,53,24,12,3406.89,272.55,2025-10-25,rental,renter
738,40,60,30,3439.95,275.2,2025-10-26,rental,renter
739,107,4,41,3117.1,249.37,2025-10-27,rental,owner
740,48,28,51,3375.92,270.07,2025-10-28,rental,renter
741,27,13,50,6916.63,553.33,2025-10-29,rental,owner
742,108,96,40,995684.33,29870.53,2025-10-29,sale,buyer
743,88,44,36,669528.76,20085.86,2025-10-31,sale,buyer
744,14,186,55,5038.39,403.07,2025-11-02,rental,owner
745,98,129,10,3792.12,303.37,2025-11-03,rental,renter
746,162,95,31,14026.74,1122.14,2025-11-04,rental,owner
747,155,152,43,1269528.87,38085.87,2025-11-04,sale,seller
748,124,96,50,509630.08,15288.9,2025-11-04,sale,buyer
749,33,58,4,754691.59,22640.75,2025-11-04,sale,seller
750,127,28,4,4112.02,328.96,2025-11-05,rental,owner
751,31,189,56,1116928.82,33507.86,2025-11-06,sale,seller
752,165,140,18,1068169.14,32045.07,2025-11-07,sale,seller
753,180,8,14,4409.24,352.74,2025-11-08,rental,owner
754,148,22,4,12884.37,1030.75,2025-11-09,rental,owner
755,168,185,51,473002.9,14190.09,2025-11-12,sale,seller
756,40,164,58,1610191.16,48305.73,2025-11-14,sale,buyer
757,169,154,12,3243.79,259.5,2025-11-16,rental,owner
758,131,165,1,4051.94,324.16,2025-11-16,rental,renter
759,131,178,38,1435484.76,43064.54,2025-11-17,sale,seller
760,141,135,18,894560.97,26836.83,2025-11-17,sale,seller
761,139,99,29,7074.29,565.94,2025-11-18,rental,renter
762,97,106,54,699524.31,20985.73,2025-11-19,sale,buyer
763,138,121,27,666576.3,19997.29,2025-11-21,sale,seller
764,17,101,33,2613129.9,78393.9,2025-11-24,sale,seller
765,74,39,55,4035.47,322.84,2025-11-24,rental,owner
766,72,5,18,540398.74,16211.96,2025-11-27,sale,seller
767,145,198,23,1258848.95,37765.47,2025-11-27,sale,seller
768,152,2,50,10909.93,872.79,2025-11-28,rental,owner
769,74,144,8,915645.03,27469.35,2025-11-28,sale,seller
770,141,90,52,6822.65,545.81,2025-11-28,rental,renter
771,17,27,37,10318.37,825.47,2025-11-28,rental,owner
772,59,13,25,3100.65,248.05,2025-11-29,rental,owner
773,114,158,32,4780.52,382.44,2025-11-29,rental,owner
774,74,167,45,4750.22,380.02,2025-11-29,rental,owner
775,145,117,45,14525.77,1162.06,2025-12-02,rental,renter
776,35,52,6,4903.07,392.25,2025-12-04,rental,owner
777,29,76,47,1041696.12,31250.88,2025-12-10,sale,seller
778,155,141,25,3360672.48,100820.17,2025-12-12,sale,seller
779,141,162,42,1639230.99,49176.93,2025-12-13,sale,seller
780,41,65,14,1498381.6,44951.45,2025-12-15,sale,seller
781,11,133,10,2068045.87,62041.38,2025-12-17,sale,buyer
782,117,51,47,519113.61,15573.41,2025-12-17,sale,buyer
783,58,76,16,4794.53,383.56,2025-12-17,rental,renter
784,136,24,27,6615.55,529.24,2025-12-23,rental,owner
785,4,58,5,8204.73,656.38,2025-12-23,rental,renter
786,128,71,41,5398.57,431.89,2025-12-25,rental,renter
787,80,181,5,1435773.15,43073.19,2025-12-25,sale,buyer
788,108,200,4,5591.76,447.34,2025-12-27,rental,owner
789,92,68,51,469499.48,14084.98,2025-12-28,sale,buyer
790,155,15,33,14752.58,1180.21,2025-12-30,rental,renter
791,110,15,55,1469822.31,44094.67,2025-12-31,sale,buyer
792,68,194,18,939245.91,28177.38,2025-12-31,sale,seller
793,33,24,32,8173.87,653.91,2026-01-01,rental,owner
794,140,93,54,948898.62,28466.96,2026-01-02,sale,buyer
795,21,32,21,7446.06,595.68,2026-01-03,rental,owner
796,170,53,20,5084.19,406.74,2026-01-03,rental,owner
797,100,111,43,1016595.58,30497.87,2026-01-04,sale,seller
798,18,109,43,6926.21,554.1,2026-01-05,rental,renter
799,70,87,54,751709.66,22551.29,2026-01-05,sale,buyer
800,92,154,21,1168976.32,35069.29,2026-01-07,sale,buyer
801,106,146,23,5876.98,470.16,2026-01-08,rental,owner
802,82,191,33,1146174.82,34385.24,2026-01-08,sale,buyer
803,11,189,27,2572337.99,77170.14,2026-01-10,sale,seller
804,54,109,52,4288.46,343.08,2026-01-11,rental,owner
805,162,200,3,7017.66,561.41,2026-01-11,rental,owner
806,136,26,8,6621.18,529.69,2026-01-13,rental,owner
807,125,128,26,3735.41,298.83,2026-01-17,rental,renter
808,47,152,36,683594.26,20507.83,2026-01-18,sale,buyer
809,31,159,52,1380900.08,41427,2026-01-21,sale,seller
810,145,121,22,1146368.2,34391.05,2026-01-21,sale,buyer
811,49,184,15,636985.7,19109.57,2026-01-22,sale,buyer
812,161,28,13,3155478.9,94664.37,2026-01-22,sale,buyer
813,140,53,39,1280527.12,38415.81,2026-01-29,sale,seller
814,170,13,35,5976.63,478.13,2026-01-29,rental,renter
815,61,51,55,2995.8,239.66,2026-02-02,rental,renter
816,155,20,40,11185.61,894.85,2026-02-02,rental,renter
817,172,174,26,2816.81,225.34,2026-02-03,rental,renter
818,99,156,26,1393339.63,41800.19,2026-02-04,sale,seller
819,10,143,54,9879.36,790.35,2026-02-05,rental,renter
820,47,57,39,4895.67,391.65,2026-02-05,rental,renter
821,33,186,27,7777.88,622.23,2026-02-07,rental,owner
822,167,181,24,561858.9,16855.77,2026-02-08,sale,seller
823,109,154,27,583234.35,17497.03,2026-02-10,sale,buyer
824,56,29,21,1319423.39,39582.7,2026-02-11,sale,buyer
825,157,45,24,3585087.49,107552.62,2026-02-14,sale,seller
826,152,155,8,2549917.16,76497.51,2026-02-19,sale,buyer
827,95,9,49,4379.88,350.39,2026-02-20,rental,renter
828,3,175,1,1227564.34,36826.93,2026-02-20,sale,buyer
829,32,33,31,1300510.68,39015.32,2026-02-20,sale,seller
830,71,61,21,440131.33,13203.94,2026-02-21,sale,buyer
831,58,55,11,5704.32,456.35,2026-02-23,rental,renter
832,157,13,42,3662366.98,109871.01,2026-02-24,sale,buyer
833,131,122,43,5110.62,408.85,2026-02-25,rental,owner
834,86,158,6,4630.62,370.45,2026-02-27,rental,renter
835,30,190,25,1142394.97,34271.85,2026-02-27,sale,buyer
836,48,146,3,1197015.35,35910.46,2026-03-02,sale,seller
837,16,76,10,5960.46,476.84,2026-03-04,rental,renter
838,83,159,7,758790.47,22763.71,2026-03-05,sale,buyer
839,82,137,6,3613.76,289.1,2026-03-05,rental,owner
840,121,51,27,2697.83,215.83,2026-03-05,rental,renter
841,65,105,26,529797.52,15893.93,2026-03-06,sale,buyer
842,170,197,38,3542.96,283.44,2026-03-06,rental,renter
843,101,139,26,5939.77,475.18,2026-03-07,rental,renter
844,145,181,60,8382.85,670.63,2026-03-07,rental,renter
845,45,19,25,6027.11,482.17,2026-03-08,rental,owner
846,108,16,30,1305820.84,39174.63,2026-03-09,sale,buyer
847,146,90,14,3070650,92119.5,2026-03-09,sale,buyer
848,179,44,51,4844.25,387.54,2026-03-10,rental,owner
849,171,83,33,534717.7,16041.53,2026-03-11,sale,buyer
850,131,98,34,3012.21,240.98,2026-03-11,rental,renter
851,64,133,60,541694.06,16250.82,2026-03-13,sale,seller
852,65,120,6,4688.42,375.07,2026-03-13,rental,renter
853,3,181,29,8199.53,655.96,2026-03-14,rental,renter
854,88,61,57,3940.32,315.23,2026-03-15,rental,owner
855,58,187,38,5785.02,462.8,2026-03-16,rental,renter
856,51,63,60,6552.45,524.2,2026-03-17,rental,renter
857,45,120,55,1461775.34,43853.26,2026-03-18,sale,seller
858,1,64,11,7488.65,599.09,2026-03-18,rental,renter
859,70,187,32,1184886.27,35546.59,2026-03-18,sale,seller
860,96,195,45,656139.44,19684.18,2026-03-20,sale,buyer
861,23,33,60,2061733.31,61852,2026-03-20,sale,seller
862,131,96,12,862956.5,25888.69,2026-03-20,sale,seller
863,160,40,22,6986.53,558.92,2026-03-21,rental,owner
864,152,131,28,13383.9,1070.71,2026-03-22,rental,owner
865,164,196,34,958211.79,28746.35,2026-03-22,sale,seller
866,117,12,25,4868.2,389.46,2026-03-22,rental,owner
867,180,44,20,5569.67,445.57,2026-03-22,rental,owner
868,171,173,51,571298.43,17138.95,2026-03-23,sale,seller
869,162,160,49,1567273.45,47018.2,2026-03-24,sale,buyer
870,24,120,4,6031.34,482.51,2026-03-24,rental,owner
871,34,153,59,1767012.55,53010.38,2026-03-25,sale,buyer
872,125,52,60,5381.42,430.51,2026-03-25,rental,renter
873,35,140,47,7215.37,577.23,2026-03-26,rental,renter
874,49,97,18,589440.47,17683.21,2026-03-29,sale,buyer
875,66,61,2,3687.23,294.98,2026-03-30,rental,renter
876,5,182,55,1214535.87,36436.08,2026-03-30,sale,buyer
877,70,128,3,4633.81,370.7,2026-03-31,rental,owner
878,32,135,49,8925.71,714.06,2026-03-31,rental,owner
879,130,14,18,4508.67,360.69,2026-04-01,rental,owner
880,91,53,23,598900.16,17967,2026-04-02,sale,seller
881,61,196,43,831378.22,24941.35,2026-04-03,sale,seller
882,147,54,47,3405379.26,102161.38,2026-04-04,sale,buyer
883,135,181,21,6827,546.16,2026-04-05,rental,renter
884,32,121,50,6891.52,551.32,2026-04-05,rental,owner
885,59,5,53,3858.64,308.69,2026-04-05,rental,renter
886,2,169,11,8655.16,692.41,2026-04-06,rental,owner
887,100,55,43,1316467.35,39494.02,2026-04-08,sale,seller
888,164,146,44,3068.35,245.47,2026-04-08,rental,owner
889,21,56,4,618139.29,18544.18,2026-04-08,sale,buyer
890,40,53,37,735288.02,22058.64,2026-04-08,sale,seller
891,153,168,12,11365.87,909.27,2026-04-09,rental,owner
892,11,128,18,9636.56,770.92,2026-04-10,rental,owner
893,38,92,6,1056596.03,31697.88,2026-04-10,sale,seller
894,93,90,14,4976.57,398.13,2026-04-11,rental,renter
895,163,37,42,4035.26,322.82,2026-04-11,rental,renter
896,162,54,37,3693204.82,110796.14,2026-04-13,sale,seller
897,166,123,4,2553.88,204.31,2026-04-14,rental,owner
898,94,181,30,1338823.41,40164.7,2026-04-16,sale,seller
899,68,10,16,1349902.49,40497.07,2026-04-16,sale,seller
900,61,18,36,5268.94,421.52,2026-04-17,rental,owner